Timestamp;Air Temperature Reference Sensor (°C);Air Temperature EVE (SHT40) Sensor (°C);"RH Reference Sensor (%; 2m)";RH EVE (SHT40) Sensor (%);Air Pressure EVE (BMP280) Sensor (hPa);Global Radiation Reference Sensor (W m-2);PAR EVE Sensor (micro mol m-2 s-1)
03.09.2025 09:22;19,66;19,16;97,6;74,86;1006,73;545;2,4854
03.09.2025 09:52;20,45;19,49;87,7;72,89;1006,9;600;10,86311261
03.09.2025 10:22;21,41;21,01;77,9;71,08;1006,9;643;10,86311261
03.09.2025 10:32;21,68;21,97;72,1;69,89;1006,99;654;2,4854
03.09.2025 11:02;22,19;29,95;70,7;45,79;1007,38;689;1527,229095
03.09.2025 11:32;22,41;32,58;63,6;38,47;1007,42;708;1468,585107
03.09.2025 12:02;22,82;33,46;61,7;39,75;1007,28;724;1543,98452
03.09.2025 12:32;23,17;34,67;60,9;36,79;1007,03;709;1581,684227
03.09.2025 13:03;23,76;35,32;60,5;35,87;1006,84;752;1577,495371
03.09.2025 13:33;24,3;33,19;57,5;38,41;1006,82;711;1577,495371
03.09.2025 14:03;23,2;29,97;58,2;42,21;1006,65;290;103,0179513
03.09.2025 14:33;23,91;27,98;59,3;46,61;1006,49;506;40,18510674
03.09.2025 15:04;24,35;26,63;59,2;49,22;1006,39;543;111,3956639
03.09.2025 15:34;23,73;25,93;57,4;49,9;1006,2;161;19,24082522
03.09.2025 16:04;23,45;25,52;59,3;51,26;1006,04;168;44,37396305
03.09.2025 16:34;24,03;24,78;60;51,05;1006,1;330;31,80739413
03.09.2025 17:05;24,07;25,04;59;53,25;1006;243;19,24082522
03.09.2025 17:35;23,45;24,63;59,6;53,91;1005,81;145;2,4854
03.09.2025 18:05;22,42;24,46;62,9;52,78;1005,66;78;0
03.09.2025 18:36;21,44;23,9;68,2;53,48;1005,72;8;0
03.09.2025 19:06;19,81;23,2;79,9;57,57;1005,8;0;0
03.09.2025 19:36;18,6;22,16;93,5;60,83;1005,88;0;0
03.09.2025 20:07;18,01;21,08;98,9;64,45;1005,94;0;0
03.09.2025 20:37;16,84;20,06;99,7;69,45;1006,05;0;0
03.09.2025 21:08;16,75;19,52;99,7;70,43;1006,29;0;0
03.09.2025 21:38;16,23;18,92;99,7;72,95;1006,16;0;0
03.09.2025 22:08;17,02;18,9;99,7;73,47;1006,13;0;0
03.09.2025 22:39;16,37;18,17;99,7;76,7;1006,15;0;0
03.09.2025 23:09;16,16;17,99;99,7;77,5;1006,31;0;0
03.09.2025 23:39;16,04;17,68;99,7;79,04;1006,34;0;0
04.09.2025 00:10;16,86;17,69;99,7;78,91;1006,36;0;0
04.09.2025 00:40;16,61;17,81;99,7;77,77;1006,39;0;0
04.09.2025 01:10;15,8;18,02;99,7;77,56;1006,36;0;0
04.09.2025 01:41;15,43;17,77;99,7;78,02;1006,52;0;0
04.09.2025 02:11;15,03;17,36;99,7;79,16;1006,48;0;0
04.09.2025 02:42;14,66;17,04;99,7;79,99;1006,53;0;0
04.09.2025 03:12;14,46;16,79;99,7;81,19;1006,56;0;0
04.09.2025 03:42;14,35;16,45;99,7;81,56;1006,45;0;0
04.09.2025 04:13;14,19;16,15;99,7;82,56;1006,46;0;0
04.09.2025 04:43;14,23;15,93;99,7;83,24;1006,47;0;0
04.09.2025 05:13;14,34;15,85;99,7;83,25;1006,46;1;0
04.09.2025 05:44;14,28;15,81;99,7;83,44;1006,61;22;0
04.09.2025 06:14;15,38;15,78;99,7;83,5;1006,71;132;0
04.09.2025 06:44;16,95;15,76;99,7;83,95;1006,92;132;0
04.09.2025 07:15;17,84;16,88;99,7;81,13;1007,03;136;31,80739413
04.09.2025 07:45;18,45;18,13;99,2;78,12;1007,17;224;6,674256305
04.09.2025 08:16;19,72;18,93;96,8;75,92;1007,23;370;2,4854
04.09.2025 08:46;21,59;19,83;84,6;74,55;1007,56;443;65,31824457
04.09.2025 09:16;22,6;22,29;78,3;66,74;1007,68;506;262,1944909
04.09.2025 09:47;23,25;27,18;76;53,18;1007,83;566;1083,210327
04.09.2025 10:17;23,86;30,59;72,1;45,38;1007,94;618;1263,331148
04.09.2025 10:47;24,73;34,35;68,6;40,82;1008,02;636;1359,674843
04.09.2025 11:17;25,28;35,85;67,5;37,25;1008,16;623;1183,742878
04.09.2025 11:48;25,37;36,46;66,9;37,28;1008,21;583;1523,040239
04.09.2025 12:18;25,91;36,47;64,3;38,08;1008,08;625;1221,442585
04.09.2025 12:48;25,87;33,41;63,4;42,47;1008,25;484;471,6373062
04.09.2025 13:18;25,85;36,14;63,7;37,17;1008,15;461;1518,851382
04.09.2025 13:49;26,42;32;60,9;43,9;1008,33;520;831,8789484
04.09.2025 14:19;26,83;31,09;60,5;46,42;1008,14;551;178,4173648
04.09.2025 14:49;27;30,11;59,9;46,75;1007,96;446;103,0179513
04.09.2025 15:19;26,32;30,18;61,2;47,3;1007,77;243;123,9622328
04.09.2025 15:50;26,15;29,09;63;51,6;1007,51;175;65,31824457
04.09.2025 16:20;26,14;28,7;64,8;52,84;1007,54;195;48,56281935
04.09.2025 16:50;26,33;28,31;64,5;52,61;1007,59;220;40,18510674
04.09.2025 17:21;25,81;27,94;67,6;56,28;1007,66;117;44,37396305
04.09.2025 17:51;25,14;27,89;69;55,24;1007,49;46;31,80739413
04.09.2025 18:21;24;27,44;73,3;58,2;1007,56;21;6,674256305
04.09.2025 18:52;21,67;26,32;99,8;58,88;1007,72;0;0
04.09.2025 19:22;20,69;25,08;99,7;63,02;1007,78;0;0
04.09.2025 19:52;19,87;23,74;99,7;70,17;1007,85;0;0
04.09.2025 20:23;19,75;22,87;99,7;72,88;1007,84;0;0
04.09.2025 20:53;18,72;22,13;99,7;76,38;1007,88;0;0
04.09.2025 21:23;18,16;21,32;99,7;79,11;1007,68;0;0
04.09.2025 21:54;17,43;20,55;99,7;81,34;1007,74;0;0
04.09.2025 22:24;17,96;20,11;99,7;82,51;1007,64;0;0
04.09.2025 22:55;17,55;19,85;99,7;84,39;1007,6;0;0
04.09.2025 23:25;17,8;19,86;99,7;84,71;1007,58;0;0
04.09.2025 23:55;17,52;19,93;99,7;83,91;1007,69;0;0
05.09.2025 00:26;17,09;19,71;99,7;84,84;1007,59;0;0
05.09.2025 00:56;16,53;19,14;99,7;86;1007,43;0;0
05.09.2025 01:26;15,94;18,73;99,7;86,33;1007,2;0;0
05.09.2025 01:57;15,96;18,23;99,7;86,4;1007,08;0;0
05.09.2025 02:27;15,21;18,04;99,7;86,57;1006,92;0;0
05.09.2025 02:58;15,3;17,37;99,7;87,38;1006,75;0;0
05.09.2025 03:28;15,11;17,33;99,7;87,5;1006,82;0;0
05.09.2025 03:58;16,78;17,06;99,7;87,58;1006,76;0;0
05.09.2025 04:29;17,93;17,47;99,7;87,71;1006,55;0;0
05.09.2025 04:59;17,94;18;99,7;85,56;1006,98;0;0
05.09.2025 05:29;17,53;18,58;99,7;83,14;1007,26;8;0
05.09.2025 06:00;17,49;18,41;99,7;82,23;1007,2;54;0
05.09.2025 06:30;17,48;18,34;99,7;82,64;1007,46;50;0
05.09.2025 07:01;17,51;18,47;99,7;82,59;1007,75;35;35,99625044
05.09.2025 07:31;17,5;18,76;99,7;82,1;1007,98;60;2,4854
05.09.2025 08:01;17,99;18,93;99,7;81,5;1008,17;183;2,4854
05.09.2025 08:32;18;18,88;99,7;81,45;1008,73;118;19,24082522
05.09.2025 09:02;18,5;19,73;99,7;79,88;1008,99;359;86,2625261
05.09.2025 09:32;17,66;20,02;99,7;77,76;1009,39;93;2,4854
05.09.2025 10:03;18,09;21,17;99,7;73,31;1009,74;284;19,24082522
05.09.2025 10:33;19,06;19,57;99,7;77,52;1010,21;387;6,674256305
05.09.2025 11:04;19,04;20,66;99,5;73,2;1010,42;210;249,627922
05.09.2025 11:34;19,25;22,28;99,7;68,4;1010,5;154;262,1944909
05.09.2025 12:04;19,89;23,41;98,5;66,9;1010,82;164;718,7798282
05.09.2025 12:35;19,57;21,28;99,7;72,23;1011,13;220;77,88481349
05.09.2025 13:05;19,7;21,59;99,3;71,68;1011,45;177;2,4854
05.09.2025 13:35;19,6;21,34;99,5;73,22;1011,61;179;27,61853783
05.09.2025 14:06;17,31;21,16;99,7;73,68;1011,73;68;123,9622328
05.09.2025 14:36;16,37;21,12;99,7;74,29;1011,99;66;15,05196891
05.09.2025 15:06;17,45;19,03;99,7;79,34;1012,53;337;6,674256305
05.09.2025 15:37;18,57;18,66;99,7;80,93;1012,95;318;10,86311261
05.09.2025 16:07;19,76;19,89;92,3;77,77;1013,11;404;119,7733765
05.09.2025 16:37;19,2;21,09;89,7;71,77;1013,13;147;90,4513824
05.09.2025 17:08;18,78;20,71;92,8;69,01;1013,35;141;19,24082522
05.09.2025 17:38;19;20,24;92,2;70,79;1013,43;154;2,4854
05.09.2025 18:09;18,69;20,24;93,4;73,6;1013,46;75;0
05.09.2025 18:39;18,05;19,94;99,4;73,62;1013,55;15;0
05.09.2025 19:09;16,84;19,31;99,7;77,15;1013,79;0;0
05.09.2025 19:40;15,28;18,65;99,7;80,13;1014,19;0;0
05.09.2025 20:10;14,64;17,72;99,7;82,41;1014,42;0;0
05.09.2025 20:40;13,77;16,8;99,7;85,11;1014,72;0;0
05.09.2025 21:11;13,16;16,08;99,7;87,03;1014,8;0;0
05.09.2025 21:41;13,04;15,55;99,6;87,13;1014,94;0;0
05.09.2025 22:12;12,47;14,97;99,6;87,48;1015,39;0;0
05.09.2025 22:42;12,76;14,67;99,6;87,26;1015,48;0;0
05.09.2025 23:12;12,51;14,53;99,6;87,96;1015,62;0;0
05.09.2025 23:43;12,63;14,34;99,6;87,78;1015,87;0;0
06.09.2025 00:13;13,75;14,61;99,6;87,66;1015,98;0;0
06.09.2025 00:44;14,12;14,56;99,7;88,51;1015,93;0;0
06.09.2025 01:14;14,38;15;99,7;88,78;1016,23;0;0
06.09.2025 01:44;14,4;15,35;99,7;88,09;1016,53;0;0
06.09.2025 02:15;14,33;15,37;99,7;87,15;1016,69;0;0
06.09.2025 02:45;14,26;15,54;99,7;86,4;1016,84;0;0
06.09.2025 03:16;14,29;15,42;99,7;87,36;1017,13;0;0
06.09.2025 03:46;14,16;15,47;99,7;86,98;1017,25;0;0
06.09.2025 04:16;14,21;15,23;99,7;87,59;1017,28;0;0
06.09.2025 04:47;14,07;15,39;99,7;86,82;1017,21;0;0
06.09.2025 05:17;13,85;15,39;99,7;86,1;1017,09;0;0
06.09.2025 05:48;13,74;15,29;99,7;86,43;1017,2;4;0
06.09.2025 06:18;13,53;15,17;99,7;86,64;1017,45;9;0
06.09.2025 06:48;13,69;14,8;99,7;87,49;1017,62;21;0
06.09.2025 07:19;14,01;14,81;99,7;88,01;1018,01;75;0
06.09.2025 07:49;14,29;14,98;99,7;87,49;1018,27;108;0
06.09.2025 08:20;15,36;15,29;99,7;86,81;1018,38;209;2,4854
06.09.2025 08:50;16,02;16,05;99,7;84,94;1018,36;219;73,69595718
06.09.2025 09:20;17,04;17,69;99,7;80,84;1018,5;412;111,3956639
06.09.2025 09:51;17,55;19,6;97,9;74,77;1018,74;513;207,7393589
06.09.2025 10:21;17,99;25,58;90,5;58,96;1018,7;305;1342,919418
06.09.2025 10:51;18,55;24,24;84,2;58,67;1018,93;504;861,2009425
06.09.2025 11:22;18,39;24,38;84,4;56,66;1019,24;409;182,6062211
06.09.2025 11:52;18,49;25,85;82,6;52,42;1019,25;376;467,4484499
06.09.2025 12:22;19,33;25,37;79,9;51,76;1019,39;798;211,9282152
06.09.2025 12:53;19,79;24,12;71,1;55,74;1019,42;577;337,5939044
06.09.2025 13:23;19,18;30,31;68,6;45,75;1019,33;203;1305,219711
06.09.2025 13:53;19,9;26,91;69,8;45,54;1019,3;370;371,1047548
06.09.2025 14:24;20,38;23,27;67,4;52,75;1019,36;655;40,18510674
06.09.2025 14:54;19,7;23,32;70,2;54,36;1019,19;249;65,31824457
06.09.2025 15:24;20,59;22,98;65,9;56,4;1018,81;507;48,56281935
06.09.2025 15:55;20,7;22,22;62,4;58,72;1018,77;356;31,80739413
06.09.2025 16:25;19,89;21,9;66,6;59,29;1018,57;101;6,674256305
06.09.2025 16:55;19,51;21,62;72,6;58,64;1018,34;96;6,674256305
06.09.2025 17:26;20;21,5;70;60,48;1018,31;211;31,80739413
06.09.2025 17:56;19,76;21,15;69,4;63,15;1018,25;91;0
06.09.2025 18:26;18,66;21,34;72,9;60,12;1018,25;26;0
06.09.2025 18:57;16,41;20,36;89,3;63,47;1018,22;0;0
06.09.2025 19:27;14,83;18,79;99,7;68,66;1018,32;0;0
06.09.2025 19:58;13,77;17,72;99,7;71,94;1018,54;0;0
06.09.2025 20:28;13,05;16,52;99,6;75,95;1018,88;0;0
06.09.2025 20:58;13;15,66;99,6;79,04;1019,05;0;0
06.09.2025 21:29;12,17;15,08;99,6;81,49;1019,22;0;0
06.09.2025 21:59;11,75;14,53;99,6;82,95;1019,16;0;0
06.09.2025 22:30;11,05;14,19;99,6;84,07;1019,04;0;0
06.09.2025 23:00;10,71;13,39;99,6;84,6;1018,98;0;0
06.09.2025 23:30;10,19;13,3;99,6;85,03;1018,99;0;0
07.09.2025 00:01;10,16;12,94;99,6;85,95;1019,02;0;0
07.09.2025 00:31;9,73;12,75;99,6;86,45;1019,01;0;0
07.09.2025 01:02;9,85;12,13;99,6;86,17;1018,93;0;0
07.09.2025 01:32;9,51;11,98;99,6;86,52;1018,89;0;0
07.09.2025 02:02;8,97;11,75;99,6;86,98;1018,78;0;0
07.09.2025 02:33;9,07;11,35;99,6;85,66;1018,77;0;0
07.09.2025 03:03;8,64;11,48;99,6;87,3;1018,66;0;0
07.09.2025 03:34;8,44;10,87;99,6;86,54;1018,58;0;0
07.09.2025 04:04;8,3;10,92;99,6;86,91;1018,69;0;0
07.09.2025 04:34;8,5;10,6;99,6;87,41;1018,53;0;0
07.09.2025 05:05;8,23;10,64;99,6;87,13;1018,54;0;0
07.09.2025 05:35;8,06;10,22;99,6;86,67;1018,49;3;0
07.09.2025 06:06;9,01;10,1;99,6;87,17;1018,55;27;0
07.09.2025 06:36;9,32;10,3;99,6;87,21;1018,69;79;0
07.09.2025 07:07;10,39;10,94;99,6;90,1;1018,55;136;0
07.09.2025 07:37;12,09;11,58;99,6;88,74;1018,82;244;6,674256305
07.09.2025 08:07;13,57;12,75;99,7;88,58;1018,75;331;56,94053196
07.09.2025 08:38;15,75;14,51;99,7;87,45;1018,72;422;77,88481349
07.09.2025 09:08;17,44;17,56;98,3;79,96;1018,65;481;161,6619396
07.09.2025 09:39;17,94;20,64;93,9;69,68;1018,53;543;1083,210327
07.09.2025 10:09;18,78;26,87;84,2;50,21;1018,37;607;1288,464286
07.09.2025 10:39;19,17;28,67;76,8;45,6;1018,31;655;1409,941118
07.09.2025 11:09;19,64;30,36;72,1;40,66;1018,16;689;1548,173377
07.09.2025 11:40;20,37;30,54;64,4;40,3;1018,07;715;1590,06194
07.09.2025 12:10;20,26;29,94;61,3;40,95;1017,9;466;178,4173648
07.09.2025 12:40;21,02;33,76;59,4;33,76;1017,65;598;1669,650209
07.09.2025 13:11;21,23;33,94;54,5;31,46;1017,45;752;1531,417951
07.09.2025 13:41;20,69;34,67;58,8;32,44;1017,34;458;1652,894784
07.09.2025 14:11;21,29;26,09;53,9;43,74;1017,04;588;82,07366979
07.09.2025 14:41;21,72;24,18;52,7;49,79;1016,77;571;35,99625044
07.09.2025 15:12;21,63;23,94;51,2;46,09;1016,4;497;35,99625044
07.09.2025 15:42;20,62;23,47;53,4;47,38;1016,16;85;15,05196891
07.09.2025 16:12;21,74;22,8;52,1;47,07;1015,88;406;15,05196891
07.09.2025 16:43;20,89;22,24;51,9;48,66;1015,74;171;2,4854
07.09.2025 17:13;21,09;22,35;50,5;48,16;1015,47;189;19,24082522
07.09.2025 17:43;20,74;21,57;51,4;49,79;1015,24;107;6,674256305
07.09.2025 18:14;20,1;21,46;54,6;46,63;1015,05;41;0
07.09.2025 18:44;17,25;20,91;69,3;51,13;1014,97;0;0
07.09.2025 19:15;17,44;19,75;77,3;57,44;1014,88;0;0
07.09.2025 19:45;16,95;18,4;83;62,31;1014,96;0;0
07.09.2025 20:15;16,29;17,45;90,2;66,88;1015,25;0;0
07.09.2025 20:46;15,86;17,49;98,2;67,45;1015,34;0;0
07.09.2025 21:16;15,34;17,11;99,7;69,6;1015,34;0;0
07.09.2025 21:47;14,93;16,44;99,6;72,77;1015,16;0;0
07.09.2025 22:17;14,6;16,31;99,7;74,35;1015,03;0;0
07.09.2025 22:47;14,23;16,28;99,7;74,71;1015;0;0
07.09.2025 23:18;14,08;15,58;99,7;76,63;1014,91;0;0
07.09.2025 23:48;13,85;15,44;99,7;77,88;1014,99;0;0
08.09.2025 00:19;12,28;15,1;99,6;78,8;1015;0;0
08.09.2025 00:49;11,43;14,37;99,6;81,14;1014,98;0;0
08.09.2025 01:19;10,94;14,05;99,6;82,47;1014,99;0;0
08.09.2025 01:50;10,53;13,58;99,6;83,84;1014,93;0;0
08.09.2025 02:20;10,64;13,28;99,6;84,97;1014,89;0;0
08.09.2025 02:51;10,4;13,02;99,6;86,02;1014,76;0;0
08.09.2025 03:21;10,25;12,79;99,6;86,68;1014,68;0;0
08.09.2025 03:51;9,64;12,66;99,6;86,86;1014,54;0;0
08.09.2025 04:22;10,35;12,35;99,6;87,22;1014,21;0;0
08.09.2025 04:52;9,83;12,17;99,6;87,22;1014,18;0;0
08.09.2025 05:23;9,71;11,79;99,6;87,25;1014,14;1;0
08.09.2025 05:53;9,26;11,83;99,6;88,15;1013,98;21;0
08.09.2025 06:23;9,7;11,72;99,6;88,01;1013,84;78;0
08.09.2025 06:54;11,66;11,61;99,6;86,99;1013,75;142;0
08.09.2025 07:24;11,78;11,81;99,6;88,08;1013,87;173;2,4854
08.09.2025 07:55;12,77;13,13;99,7;89,23;1013,84;316;15,05196891
08.09.2025 08:25;14,15;14,41;99,7;86,54;1013,81;369;86,2625261
08.09.2025 08:55;16,11;16,06;99,7;82,16;1013,88;452;182,6062211
08.09.2025 09:26;17,24;17,9;97,9;76,67;1013,91;496;211,9282152
08.09.2025 09:56;18,49;26,17;93,6;53,89;1013,76;567;1137,665459
08.09.2025 10:27;19,58;28,43;85,3;47,99;1013,79;583;1292,653142
08.09.2025 10:57;20,52;30;82,4;44,84;1013,63;690;1414,129975
08.09.2025 11:27;20,4;29,89;81,8;43,83;1013,56;680;1527,229095
08.09.2025 11:57;20,91;30,25;78,1;44,28;1013,35;784;1761,805048
08.09.2025 12:28;21,16;28,97;71,9;46,39;1013,21;449;1736,67191
08.09.2025 12:58;21,48;31,1;65,9;42,06;1013,13;459;1652,894784
08.09.2025 13:28;21,38;29,46;68,1;41,79;1012,8;498;69,50710088
08.09.2025 13:58;22,37;26,88;62,7;46,68;1012,71;573;178,4173648
08.09.2025 14:29;22,6;24,75;63,8;52,12;1012,37;574;86,2625261
08.09.2025 14:59;21,99;24,71;63,4;50,47;1012,12;328;123,9622328
08.09.2025 15:29;22,38;23,76;62,8;53,53;1012,03;426;15,05196891
08.09.2025 16:00;21,63;23,74;63,6;53,29;1011,91;126;2,4854
08.09.2025 16:30;22,18;23,37;63,5;55,52;1011,75;272;2,4854
08.09.2025 17:01;21,85;22,72;62,5;54,55;1011,78;186;2,4854
08.09.2025 17:31;21,54;22,71;65,1;56,36;1011,78;115;2,4854
08.09.2025 18:01;20,54;22,36;73,5;54,71;1011,63;35;2,4854
08.09.2025 18:32;19,52;22;85,1;59,28;1011,62;2;0
08.09.2025 19:02;18,35;21,2;97,1;63,41;1011,75;0;0
08.09.2025 19:32;16,34;20,37;99,7;68,16;1011,97;0;0
08.09.2025 20:03;14,89;19,21;99,7;72,81;1012,21;0;0
08.09.2025 20:33;14,4;18,14;99,7;76,58;1012,27;0;0
08.09.2025 21:04;14,07;17,42;99,7;79,25;1012,39;0;0
08.09.2025 21:34;14,2;16,84;99,7;80,43;1012,54;0;0
08.09.2025 22:04;13,2;16,34;99,6;82,89;1012,38;0;0
08.09.2025 22:35;13,03;15,79;99,6;83,94;1012,33;0;0
08.09.2025 23:05;12,54;15,31;99,6;84,34;1012,24;0;0
08.09.2025 23:36;12,47;15,1;99,6;85,03;1011,93;0;0
09.09.2025 00:06;11,77;14,75;99,6;85,74;1011,99;0;0
09.09.2025 00:36;11,94;14,44;99,6;86,18;1011,93;0;0
09.09.2025 01:07;11,51;14;99,6;85,32;1011,81;0;0
09.09.2025 01:37;11,4;13,67;99,6;85,81;1011,62;0;0
09.09.2025 02:08;11,3;13,65;99,6;86,19;1011,59;0;0
09.09.2025 02:38;10,87;12,96;99,6;85,43;1011,5;0;0
09.09.2025 03:08;10,66;13,09;99,6;86,92;1011,35;0;0
09.09.2025 03:39;10,86;13,14;99,6;86,63;1011,22;0;0
09.09.2025 04:09;10,42;12,86;99,6;86,57;1010,89;0;0
09.09.2025 04:40;10,47;12,32;99,6;86,85;1011;0;0
09.09.2025 05:10;10,22;12,5;99,6;87,03;1011,07;0;0
09.09.2025 05:41;10,2;12,38;99,6;87,59;1011,09;9;0
09.09.2025 06:11;10,42;12,38;99,6;87,77;1010,94;47;0
09.09.2025 06:41;12,03;12,35;99,6;88,09;1010,8;101;0
09.09.2025 07:12;13,66;12,48;99,7;87,41;1010,87;165;15,05196891
09.09.2025 07:42;14,45;13,64;99,7;88,1;1010,68;149;23,42968152
09.09.2025 08:13;14,78;15,58;99,7;88,63;1010,56;146;48,56281935
09.09.2025 08:43;15,07;16,65;99,7;87,87;1010,34;149;35,99625044
09.09.2025 09:13;16;16,91;99,7;88,79;1010,29;364;31,80739413
09.09.2025 09:44;18,55;16,5;99,7;90,02;1010,47;505;35,99625044
09.09.2025 10:14;20,21;20,84;98,2;80,7;1010,2;568;1037,132907
09.09.2025 10:45;21,17;27,8;89;56,01;1010,04;607;1234,009154
09.09.2025 11:15;22,37;31,87;76,6;46,59;1009,96;637;1376,430268
09.09.2025 11:45;23,28;32,21;72,3;44,09;1009,78;656;1464,39625
09.09.2025 12:15;23,55;30,48;68,3;44,48;1009,74;657;1485,340532
09.09.2025 12:46;24,13;32,18;66,7;42,85;1009,53;585;1497,907101
09.09.2025 13:16;24,61;31,84;64,9;41,48;1009,41;603;1435,074256
09.09.2025 13:20;24,43;32;64,4;42,06;1009,37;456;2,4854
09.09.2025 13:21;24,43;31,78;64,4;42,75;1009,36;456;2,4854
09.09.2025 13:22;24,43;31,29;64,4;43,15;1009,37;456;2,4854
09.09.2025 13:52;24,27;31,99;63,3;41,82;1009,08;301;1468,585107
09.09.2025 14:22;25,71;26,72;57,7;51,34;1008,77;652;90,4513824
09.09.2025 14:52;25,46;26,2;57,2;51,25;1008,6;577;10,86311261
09.09.2025 15:23;25,45;26,64;56,4;50,67;1008,43;462;35,99625044
09.09.2025 15:53;25,2;26,43;57,2;51,9;1008,34;397;31,80739413
09.09.2025 16:23;23,78;26,05;59,8;51,25;1008,25;82;2,4854
09.09.2025 16:54;23,74;25,47;62;51,78;1008,08;183;2,4854
09.09.2025 17:24;23,31;24,27;62,2;53,97;1007,98;77;2,4854
09.09.2025 17:54;22,97;24,2;63,1;55,33;1007,96;77;2,4854
09.09.2025 18:25;22,06;23,66;66,9;56,85;1007,71;11;0
09.09.2025 18:55;21,12;23,29;70,9;59,71;1007,78;0;0
09.09.2025 19:26;18,33;22,14;93,3;63,41;1007,91;0;0
09.09.2025 19:56;17,06;20,78;99,7;66,31;1008,01;0;0
09.09.2025 20:26;16,36;19,63;99,7;70,51;1008,1;0;0
09.09.2025 20:57;15,66;18,54;99,7;73,29;1008,12;0;0
09.09.2025 21:27;14,76;18,14;99,7;75,1;1008,28;0;0
09.09.2025 21:58;15,99;17,47;99,7;76,99;1008,11;0;0
09.09.2025 22:28;15,49;17,3;99,7;78,33;1008,21;0;0
09.09.2025 22:58;15,44;16,94;99,7;79,22;1007,81;0;0
09.09.2025 23:29;14,45;16,7;99,7;79,62;1007,73;0;0
09.09.2025 23:59;14,27;16,72;99,7;79,38;1007,52;0;0
10.09.2025 00:30;13,58;16,42;99,7;80,47;1007,42;0;0
10.09.2025 01:00;13,39;16,16;99,7;81,46;1007,24;0;0
10.09.2025 01:30;12,87;15,84;99,6;81,94;1007,17;0;0
10.09.2025 02:01;12,42;15,47;99,6;82,67;1007,12;0;0
10.09.2025 02:31;12,07;15,13;99,6;83,82;1007,18;0;0
10.09.2025 03:02;12,06;14,95;99,6;84,31;1006,97;0;0
10.09.2025 03:32;12,14;14,44;99,6;85,72;1006,87;0;0
10.09.2025 04:02;11,78;14,28;99,6;85,88;1007,03;0;0
10.09.2025 04:33;12,44;13,9;99,6;86,26;1006,77;0;0
10.09.2025 05:03;12,37;14,04;99,6;86,47;1006,61;0;0
10.09.2025 05:34;12,55;14,29;99,6;87,12;1006,55;1;0
10.09.2025 06:04;12,8;14,47;99,6;86,93;1006,19;9;0
10.09.2025 06:35;13,06;14,53;99,6;87,33;1006,17;26;0
10.09.2025 07:05;13,72;14,61;99,7;87,06;1006,31;55;0
10.09.2025 07:35;14,81;14,79;99,7;87,19;1006,09;122;0
10.09.2025 08:06;16,91;15,25;99,7;87,26;1006,27;301;0
10.09.2025 08:36;18,17;16,45;99,7;86,35;1006,36;380;40,18510674
10.09.2025 09:07;19,09;19,75;98;77,48;1005,99;439;90,4513824
10.09.2025 09:37;19,9;21,01;97,5;74,94;1005,91;391;237,0613531
10.09.2025 10:07;20,3;29,54;98,4;50,85;1005,89;587;1112,532321
10.09.2025 10:38;20,46;21,73;97,1;70,07;1005,97;299;463,2595935
10.09.2025 11:08;21,39;25,07;91,6;61,5;1005,71;496;1564,928802
10.09.2025 11:38;21,47;21,99;91,7;69,86;1005,84;356;614,0584205
10.09.2025 12:09;21,62;23,53;91,3;64,83;1005,52;263;450,6930246
10.09.2025 12:39;22,04;23,02;91;67,84;1005,43;363;404,6156053
10.09.2025 12:49;21,8;23,06;90,8;66,86;1005,31;289;270,5722035
10.09.2025 12:50;21,91;22,96;90,7;68,67;1005,24;273;379,4824674
10.09.2025 13:28;22,03;23,23;88;67,14;1004,93;265;551,225576
10.09.2025 14:06;22,24;23,85;86,6;62,41;1004,74;293;144,9065144
10.09.2025 14:44;22,53;23,7;81,5;62,88;1004,42;276;98,82909501
10.09.2025 15:22;22,41;24,46;81,2;60,47;1004,13;234;90,4513824
10.09.2025 16:00;22,08;23,93;82,5;61,24;1003,95;127;73,69595718
10.09.2025 16:38;21,94;23,63;83,5;61,79;1003,61;104;19,24082522
10.09.2025 17:16;21,19;23,47;90,3;63,28;1003,3;53;15,05196891
10.09.2025 17:54;20,21;22,77;98,8;71,27;1003,04;10;2,4854
10.09.2025 18:33;19,23;21,69;99,7;74,18;1002,71;0;0
10.09.2025 19:11;18,46;20,8;99,7;76,54;1002,25;0;0
10.09.2025 19:49;18,79;20,33;99,7;78,34;1002,1;0;0
10.09.2025 20:27;17,63;19,97;99,7;81,53;1001,78;0;0
10.09.2025 21:05;17,02;19,16;99,7;86,66;1002,24;0;0
10.09.2025 21:43;16,64;18,69;99,7;88,2;1001,71;0;0
10.09.2025 22:21;16,44;18,14;99,7;89,93;1001,7;0;0
10.09.2025 22:59;16,35;17,68;99,7;89,56;1001,2;0;0
10.09.2025 23:38;16,03;17,56;99,7;90,3;1000,49;0;0
11.09.2025 00:16;15,84;17,37;99,7;89,6;1000,23;0;0
11.09.2025 00:54;15,33;17,04;99,7;91,14;999,76;0;0
11.09.2025 01:32;15,44;16,61;99,7;89,18;999,58;0;0
11.09.2025 02:10;15,26;16,56;99,7;90,28;999,73;0;0
11.09.2025 02:48;15,17;16,35;99,7;89,33;999,12;0;0
11.09.2025 03:27;14,87;16,15;99,7;90,9;998,98;0;0
11.09.2025 04:05;14,53;15,78;99,7;92,57;998,95;0;0
11.09.2025 04:43;14,47;15,29;99,7;93,28;999,42;0;0
11.09.2025 05:21;14,53;15,16;99,7;93,43;999,48;0;0
11.09.2025 05:59;14,47;15,15;99,7;94,11;999,24;6;0
11.09.2025 06:37;14,05;15,07;99,7;94,03;999,34;98;0
11.09.2025 07:15;14,44;14,67;99,7;92,96;999,61;202;0
11.09.2025 07:54;14,95;15,07;99,7;91,78;999,88;304;6,674256305
11.09.2025 08:32;15,85;15,63;99,7;88,31;1000,12;384;61,12938827
11.09.2025 09:10;16,7;16,65;99,7;83,24;1000,39;466;111,3956639
11.09.2025 09:48;17,37;19,26;99,7;76,35;1000,55;508;1129,287746
11.09.2025 10:26;18,55;25,32;99,7;58,37;1000,67;607;1359,674843
11.09.2025 11:04;19,35;28,03;95,8;51,19;1000,99;644;1464,39625
11.09.2025 11:42;20,26;30,49;92,5;48,53;1001;665;1543,98452
11.09.2025 12:20;21,33;30,81;86,8;45,52;1000,96;673;1590,06194
11.09.2025 12:58;22,06;32,07;81,8;44;1001,13;650;1611,006221
11.09.2025 13:36;21,61;32,77;75,3;42,31;1001,17;213;1556,551089
11.09.2025 13:55;21,69;29,37;76,1;47,47;1001,14;237;190,9839337
11.09.2025 13:55;21,69;28,59;76,1;48,22;1001,25;237;48,56281935
11.09.2025 14:23;21,28;25,43;76,6;53,87;1001,23;272;10,86311261
11.09.2025 14:24;21,28;25,2;76,6;53,49;1001,31;272;2,4854
